timestamp,policy,dow,hour,requests,conversions,gmv,supply,congestion,match_quality,ctr
1/1/2025 0:00,NEW,2,0,497,247,2099.5,482.4507123,1.036375296,0.493181235,0.496981891
1/1/2025 1:00,NEW,2,1,536,242,2048.75405,517.4713091,1.006250036,0.491961564,0.451492537
1/1/2025 2:00,NEW,2,2,550,266,2225.362757,502.3405701,1.074967924,0.480533636,0.483636364
1/1/2025 3:00,NEW,2,3,518,251,2059.983802,524.2187918,1.061710399,0.468483023,0.484555985
1/1/2025 4:00,NEW,2,4,575,260,2080,511.3934131,1.113197819,0.449340109,0.452173913
1/1/2025 5:00,NEW,2,5,572,243,1885.393028,549.0018672,1.051497455,0.433130651,0.424825175
1/1/2025 6:00,NEW,2,6,582,256,1920,513.8342591,1.128768644,0.408561568,0.439862543
1/1/2025 7:00,NEW,2,7,571,214,1549.612724,503.066603,1.147510216,0.386918966,0.374781086
1/1/2025 8:00,NEW,2,8,544,200,1400,510.4599519,1.115233487,0.369238326,0.367647059
1/1/2025 9:00,NEW,2,9,560,218,1480.850722,461.311228,1.206492513,0.348106832,0.389285714
1/1/2025 10:00,NEW,2,10,543,183,1214.017351,473.6943128,1.139975688,0.338719183,0.337016575
1/1/2025 11:00,NEW,2,11,514,176,1149.997055,441.7521014,1.178727893,0.328789539,0.342412451
1/1/2025 12:00,NEW,2,12,521,167,1085.5,418.0904184,1.195913558,0.325204322,0.320537428
1/1/2025 13:00,NEW,2,13,471,138,901.702236,413.0781426,1.160299776,0.329710945,0.292993631
1/1/2025 14:00,NEW,2,14,472,142,942.0243927,383.9275857,1.198142611,0.335810837,0.300847458
1/1/2025 15:00,NEW,2,15,462,164,1114.034488,398.8756351,1.111703545,0.35284628,0.354978355
1/1/2025 16:00,NEW,2,16,424,164,1148,364.2899589,1.182349272,0.365882536,0.386792453
1/1/2025 17:00,NEW,2,17,398,168,1216.5184,358.3878398,1.179520863,0.385318433,0.422110553
1/1/2025 18:00,NEW,2,18,407,175,1312.5,383.4245404,1.095391546,0.410230423,0.42997543
1/1/2025 19:00,NEW,2,19,416,179,1388.828609,387.2295227,1.091667626,0.431122142,0.430288462
1/1/2025 20:00,NEW,2,20,437,195,1560,395.1190418,1.09009671,0.450495164,0.446224256
1/1/2025 21:00,NEW,2,21,433,180,1477.279221,402.6385772,1.101313889,0.466502848,0.415704388
1/1/2025 22:00,NEW,2,22,466,228,1907.453792,447.6496161,1.027589399,0.482902562,0.489270386
1/1/2025 23:00,NEW,2,23,498,252,2133.413308,455.9693377,1.05115506,0.489716313,0.506024096
1/2/2025 0:00,CONTROL,3,0,470,213,1810.5,469.1183777,1.065829061,0.476708547,0.453191489
1/2/2025 1:00,CONTROL,3,1,512,239,2023.356272,472.5525558,1.101899709,0.472179081,0.466796875
1/2/2025 2:00,CONTROL,3,2,548,257,2150.068529,506.9634002,1.065165651,0.46602375,0.468978102
1/2/2025 3:00,CONTROL,3,3,555,263,2158.469083,524.4526136,1.061237046,0.45350669,0.473873874
1/2/2025 4:00,CONTROL,3,4,618,264,2112,527.489333,1.079229468,0.436038527,0.427184466
1/2/2025 5:00,CONTROL,3,5,583,236,1831.081295,524.1317211,1.101391202,0.415635964,0.404802744
1/2/2025 6:00,CONTROL,3,6,595,228,1710,539.1423422,1.075782691,0.396210865,0.383193277
1/2/2025 7:00,CONTROL,3,7,549,216,1564.095086,533.118098,1.082825866,0.375153183,0.393442623
1/2/2025 8:00,CONTROL,3,8,557,184,1288,483.2637334,1.177994525,0.351100274,0.330341113
1/2/2025 9:00,CONTROL,3,9,557,166,1127.620274,457.9740672,1.21528397,0.332667259,0.298025135
1/2/2025 10:00,CONTROL,3,10,570,192,1273.723122,448.8259506,1.203138988,0.320561018,0.336842105
1/2/2025 11:00,CONTROL,3,11,496,163,1065.05409,455.6895839,1.14267594,0.315592137,0.328629032
1/2/2025 12:00,CONTROL,3,12,503,141,916.5,400.8877515,1.24723192,0.307638404,0.280318091
1/2/2025 13:00,CONTROL,3,13,494,159,1038.917794,412.115125,1.163011128,0.314575377,0.321862348
1/2/2025 14:00,CONTROL,3,14,465,135,895.5865705,401.9105392,1.144533311,0.323491302,0.290322581
1/2/2025 15:00,CONTROL,3,15,429,141,957.7979439,387.8067293,1.143434149,0.33625975,0.328671329
1/2/2025 16:00,CONTROL,3,16,440,143,1001,404.8648394,1.063856195,0.35680719,0.325
1/2/2025 17:00,CONTROL,3,17,438,158,1144.106591,360.3626393,1.173057048,0.370641624,0.360730594
1/2/2025 18:00,CONTROL,3,18,428,166,1245,392.4506419,1.070198275,0.396490086,0.387850467
1/2/2025 19:00,CONTROL,3,19,406,192,1489.693257,372.5811002,1.134587701,0.413976139,0.472906404
1/2/2025 20:00,CONTROL,3,20,447,204,1632,402.5644821,1.069935344,0.436503233,0.456375839
1/2/2025 21:00,CONTROL,3,21,426,202,1657.83557,424.1509915,1.04545661,0.454295712,0.474178404
1/2/2025 22:00,CONTROL,3,22,469,196,1639.740979,417.8551968,1.100859828,0.464239041,0.417910448
1/2/2025 23:00,CONTROL,3,23,493,215,1820.174053,451.1612326,1.062357405,0.474156196,0.436105477
1/3/2025 0:00,NEW,4,0,498,247,2099.5,482.0985644,1.037132315,0.493143384,0.495983936
1/3/2025 1:00,NEW,4,1,537,255,2158.811086,487.0853926,1.069023074,0.488822912,0.474860335
1/3/2025 2:00,NEW,4,2,547,281,2350.853138,511.9803998,1.054727877,0.481545638,0.513711152
1/3/2025 3:00,NEW,4,3,533,256,2101.019336,521.4624886,1.0673223,0.468202428,0.480300188
1/3/2025 4:00,NEW,4,4,579,269,2152,534.3114089,1.065449891,0.451727505,0.464594128
1/3/2025 5:00,NEW,4,5,599,276,2141.434056,535.5804933,1.077847445,0.431813151,0.460767947
1/3/2025 6:00,NEW,4,6,575,255,1912.5,510.4076218,1.136346667,0.408182667,0.443478261
1/3/2025 7:00,NEW,4,7,539,208,1506.165639,546.7960619,1.055739253,0.391507514,0.385899814
1/3/2025 8:00,NEW,4,8,591,210,1470,491.0428003,1.159332816,0.367033359,0.355329949
1/3/2025 9:00,NEW,4,9,570,218,1480.850722,470.5044631,1.182918731,0.349285521,0.38245614
1/3/2025 10:00,NEW,4,10,526,182,1207.383377,463.3008917,1.165549235,0.337440506,0.346007605
1/3/2025 11:00,NEW,4,11,524,174,1136.928906,413.1096868,1.260453435,0.324703262,0.332061069
1/3/2025 12:00,NEW,4,12,497,143,929.5,413.1121889,1.210324976,0.324483751,0.287726358
1/3/2025 13:00,NEW,4,13,496,174,1136.928906,415.7916923,1.1527274,0.330089564,0.350806452
1/3/2025 14:00,NEW,4,14,446,154,1021.632088,386.957236,1.188761851,0.336279875,0.34529148
1/3/2025 15:00,NEW,4,15,461,166,1127.620274,364.4973829,1.216555943,0.34760366,0.360086768
1/3/2025 16:00,NEW,4,16,421,150,1050,354.0876722,1.216416163,0.364179192,0.356294537
1/3/2025 17:00,NEW,4,17,438,183,1325.136115,381.6401558,1.107655805,0.388911686,0.417808219
1/3/2025 18:00,NEW,4,18,399,157,1177.5,329.3809899,1.275119126,0.401244044,0.393483709
1/3/2025 19:00,NEW,4,19,394,155,1202.616952,410.4099862,1.030008889,0.434205079,0.393401015
1/3/2025 20:00,NEW,4,20,402,181,1448,420.0332195,1.025437865,0.453728107,0.450248756
1/3/2025 21:00,NEW,4,21,452,200,1641.421356,400.0433515,1.10845851,0.466145617,0.442477876
1/3/2025 22:00,NEW,4,22,452,194,1623.008928,434.9656156,1.057554858,0.481404289,0.42920354
1/3/2025 23:00,NEW,4,23,454,227,1921.765163,478.3034267,1.002072011,0.492170466,0.5
1/4/2025 0:00,CONTROL,5,0,561,273,2320.5,520.2232236,1.05723846,0.477138077,0.486631016
1/4/2025 1:00,CONTROL,5,1,558,260,2201.140715,545.4128095,1.046373524,0.47495539,0.465949821
1/4/2025 2:00,CONTROL,5,2,606,269,2250.460834,547.7072781,1.077217747,0.465421145,0.443894389
1/4/2025 3:00,CONTROL,5,3,612,284,2330.818326,580.8511229,1.044275407,0.454354772,0.464052288
1/4/2025 4:00,CONTROL,5,4,631,271,2168,584.045284,1.06033222,0.436983389,0.429477021
1/4/2025 5:00,CONTROL,5,5,623,242,1877.634209,580.870644,1.079885983,0.416711224,0.388443018
1/4/2025 6:00,CONTROL,5,6,630,240,1800,586.5821821,1.074018303,0.396299085,0.380952381
1/4/2025 7:00,CONTROL,5,7,624,245,1774.089334,561.291631,1.117554639,0.373416744,0.392628205
1/4/2025 8:00,CONTROL,5,8,594,200,1400,526.7815175,1.175595596,0.35122022,0.336700337
1/4/2025 9:00,CONTROL,5,9,593,195,1324.614178,525.6033201,1.154042448,0.335729335,0.328836425
1/4/2025 10:00,CONTROL,5,10,583,176,1167.579529,493.0697926,1.196585167,0.320888709,0.301886792
1/4/2025 11:00,CONTROL,5,11,575,167,1091.190387,473.7387051,1.20468418,0.312491725,0.290434783
1/4/2025 12:00,CONTROL,5,12,554,155,1007.5,460.4344254,1.194524062,0.310273797,0.279783394
1/4/2025 13:00,CONTROL,5,13,501,166,1084.656313,429.0808034,1.233554315,0.311048218,0.331337325
1/4/2025 14:00,CONTROL,5,14,539,170,1127.775681,441.5799657,1.154943701,0.322970783,0.315398887
1/4/2025 15:00,CONTROL,5,15,473,150,1018.933983,426.3576322,1.157318224,0.335565546,0.317124736
1/4/2025 16:00,CONTROL,5,16,464,189,1323,425.4690001,1.129854273,0.353507286,0.407327586
1/4/2025 17:00,CONTROL,5,17,464,162,1173.071315,429.6879766,1.100160953,0.374286429,0.349137931
1/4/2025 18:00,CONTROL,5,18,470,176,1320,426.3613872,1.102351231,0.394882438,0.374468085
1/4/2025 19:00,CONTROL,5,19,482,206,1598.316723,431.9385169,1.094428757,0.415984086,0.427385892
1/4/2025 20:00,CONTROL,5,20,465,204,1632,476.961857,1.007875076,0.439606246,0.438709677
1/4/2025 21:00,CONTROL,5,21,477,223,1830.184812,494.3807922,0.99807975,0.456664555,0.467505241
1/4/2025 22:00,CONTROL,5,22,499,249,2083.140326,449.2252119,1.135288017,0.462517631,0.498997996
1/4/2025 23:00,CONTROL,5,23,566,261,2209.606641,507.0543286,1.043861469,0.475080993,0.461130742
1/5/2025 0:00,NEW,6,0,559,249,2116.5,509.0237799,1.080499618,0.490975019,0.445438283
1/5/2025 1:00,NEW,6,1,607,271,2294.265899,521.3944334,1.094575406,0.487545296,0.44645799
1/5/2025 2:00,NEW,6,2,580,293,2451.245443,574.2393512,1.027446132,0.482909726,0.505172414
1/5/2025 3:00,NEW,6,3,631,304,2494.960461,565.639027,1.07235978,0.467950554,0.48177496
1/5/2025 4:00,NEW,6,4,620,290,2320,572.9145354,1.080932659,0.450953367,0.467741935
1/5/2025 5:00,NEW,6,5,624,260,2017.292952,556.6498768,1.126873628,0.429361842,0.416666667
1/5/2025 6:00,NEW,6,6,655,255,1912.5,543.9882874,1.15811317,0.407094342,0.389312977
1/5/2025 7:00,NEW,6,7,629,244,1766.848153,579.6964154,1.082073391,0.390190807,0.387917329
1/5/2025 8:00,NEW,6,8,654,257,1799,572.7829971,1.081180893,0.370940955,0.392966361
1/5/2025 9:00,NEW,6,9,633,209,1419.714683,534.146891,1.135583774,0.351652269,0.330173776
1/5/2025 10:00,NEW,6,10,554,192,1273.723122,521.3286179,1.131723791,0.339131778,0.346570397
1/5/2025 11:00,NEW,6,11,585,193,1261.076316,482.0309085,1.183960434,0.328527912,0.32991453
1/5/2025 12:00,NEW,6,12,522,158,1027,491.9292332,1.118046993,0.32909765,0.302681992
1/5/2025 13:00,NEW,6,13,528,167,1091.190387,425.2513319,1.244662713,0.325492798,0.316287879
1/5/2025 14:00,NEW,6,14,508,151,1001.730164,405.9047207,1.256452497,0.332895343,0.297244094
1/5/2025 15:00,NEW,6,15,474,165,1120.827381,432.141849,1.141827524,0.351340081,0.348101266
1/5/2025 16:00,NEW,6,16,499,169,1183,419.6880353,1.145417375,0.367729131,0.338677355
1/5/2025 17:00,NEW,6,17,456,180,1303.412572,411.3819525,1.149116851,0.386838634,0.394736842
1/5/2025 18:00,NEW,6,18,449,183,1372.5,421.3945446,1.115344292,0.409232785,0.407572383
1/5/2025 19:00,NEW,6,19,473,189,1466.4168,461.0417412,1.025343026,0.434438372,0.399577167
1/5/2025 20:00,NEW,6,20,484,214,1712,434.1682375,1.107215881,0.449639206,0.44214876
1/5/2025 21:00,NEW,6,21,508,240,1969.705627,470.7462487,1.048189887,0.469159048,0.472440945
1/5/2025 22:00,NEW,6,22,463,236,1974.381995,476.9578723,1.069276826,0.480818191,0.509719222
1/5/2025 23:00,NEW,6,23,524,254,2150.34516,526.6025047,1.005111961,0.492018468,0.484732824
1/6/2025 0:00,CONTROL,0,0,506,248,2108,483.6483544,1.033808955,0.478309552,0.490118577
1/6/2025 1:00,CONTROL,0,1,501,251,2124.947382,491.864353,1.058636432,0.474342245,0.500998004
1/6/2025 2:00,CONTROL,0,2,511,231,1932.551868,498.0374247,1.084255868,0.465069239,0.452054795
1/6/2025 3:00,CONTROL,0,3,534,225,1846.599026,510.8907645,1.089408111,0.452098137,0.421348315
1/6/2025 4:00,CONTROL,0,4,586,248,1984,551.8930044,1.031507969,0.438424602,0.423208191
1/6/2025 5:00,CONTROL,0,5,588,259,2009.534133,549.8639968,1.049848816,0.418213083,0.44047619
1/6/2025 6:00,CONTROL,0,6,552,207,1552.5,508.8657262,1.13978987,0.393010506,0.375
1/6/2025 7:00,CONTROL,0,7,588,218,1578.577448,491.0976698,1.175477103,0.370520621,0.370748299
1/6/2025 8:00,CONTROL,0,8,559,196,1372,488.3621397,1.16569649,0.351715175,0.350626118
1/6/2025 9:00,CONTROL,0,9,539,174,1181.96342,481.9618431,1.154797938,0.335691561,0.322820037
1/6/2025 10:00,CONTROL,0,10,521,189,1253.821199,459.0330934,1.176385772,0.321898679,0.362763916
1/6/2025 11:00,CONTROL,0,11,535,159,1038.917794,434.8352556,1.197477704,0.312852049,0.297196262
1/6/2025 12:00,CONTROL,0,12,515,173,1124.5,426.4899846,1.172360473,0.311381976,0.33592233
1/6/2025 13:00,CONTROL,0,13,490,155,1012.781497,398.2775267,1.203418331,0.312555017,0.316326531
1/6/2025 14:00,CONTROL,0,14,460,138,915.4884943,369.6682791,1.244358864,0.318500024,0.3
1/6/2025 15:00,CONTROL,0,15,410,134,910.2476913,392.9895291,1.128354383,0.337013738,0.326829268
1/6/2025 16:00,CONTROL,0,16,431,159,1113,367.1006801,1.173296567,0.351335172,0.368909513
1/6/2025 17:00,CONTROL,0,17,411,149,1078.935962,390.0772565,1.083697977,0.375109578,0.362530414
1/6/2025 18:00,CONTROL,0,18,448,184,1380,385.9470627,1.088232145,0.395588393,0.410714286
1/6/2025 19:00,CONTROL,0,19,418,164,1272.446323,394.5798985,1.07133165,0.417138941,0.392344498
1/6/2025 20:00,CONTROL,0,20,427,188,1504,399.7129669,1.077568163,0.436121592,0.44028103
1/6/2025 21:00,CONTROL,0,21,435,200,1641.421356,419.8300212,1.056216647,0.45375771,0.459770115
1/6/2025 22:00,CONTROL,0,22,451,195,1631.374954,439.8353664,1.045845867,0.466989739,0.432372506
1/6/2025 23:00,CONTROL,0,23,472,221,1870.969608,467.580045,1.025053318,0.4760214,0.468220339
1/7/2025 0:00,NEW,1,0,479,243,2065.5,444.428132,1.125041292,0.488747935,0.507306889
1/7/2025 1:00,NEW,1,1,554,258,2184.208863,494.0593926,1.053933052,0.489577413,0.465703971
1/7/2025 2:00,NEW,1,2,495,222,1857.25764,521.8237696,1.034832124,0.482540426,0.448484848
1/7/2025 3:00,NEW,1,3,579,256,2101.019336,498.4105641,1.116686889,0.465734198,0.442141623
1/7/2025 4:00,NEW,1,4,614,275,2200,536.0776079,1.061939585,0.451903021,0.447882736
1/7/2025 5:00,NEW,1,5,560,230,1784.52838,539.4721729,1.070071998,0.432201924,0.410714286
1/7/2025 6:00,NEW,1,6,586,233,1747.5,529.1846974,1.096025646,0.410198718,0.397610922
1/7/2025 7:00,NEW,1,7,557,218,1578.577448,508.0280593,1.136303508,0.387479301,0.391382406
1/7/2025 8:00,NEW,1,8,550,195,1365,509.4766075,1.117386007,0.3691307,0.354545455
1/7/2025 9:00,NEW,1,9,594,210,1426.507576,487.4355423,1.141830035,0.351339956,0.353535354
1/7/2025 10:00,NEW,1,10,569,185,1227.2853,435.9365104,1.238712489,0.333782343,0.32513181
1/7/2025 11:00,NEW,1,11,498,168,1097.724461,447.686355,1.163103404,0.329570764,0.337349398
1/7/2025 12:00,NEW,1,12,514,160,1040,426.6409219,1.171945714,0.326402714,0.311284047
1/7/2025 13:00,NEW,1,13,506,167,1091.190387,436.4472505,1.098172748,0.332817297,0.330039526
1/7/2025 14:00,NEW,1,14,457,173,1147.677605,379.2373434,1.212960717,0.335069932,0.378555799
1/7/2025 15:00,NEW,1,15,465,174,1181.96342,384.2465159,1.154028571,0.350730029,0.374193548
1/7/2025 16:00,NEW,1,16,422,160,1120,374.5081033,1.150089848,0.367495508,0.379146919
1/7/2025 17:00,NEW,1,17,389,149,1078.935962,359.8012988,1.174887182,0.385550117,0.383033419
1/7/2025 18:00,NEW,1,18,394,158,1185,358.6505865,1.17105622,0.406447189,0.401015228
1/7/2025 19:00,NEW,1,19,417,186,1443.140342,382.2376707,1.105924314,0.430409308,0.446043165
1/7/2025 20:00,NEW,1,20,444,206,1648,394.9501022,1.090562999,0.45047185,0.463963964
1/7/2025 21:00,NEW,1,21,421,179,1469.072114,410.7326509,1.079610926,0.467587996,0.425178147
1/7/2025 22:00,NEW,1,22,461,210,1756.865335,472.5189813,0.973505866,0.485606739,0.455531453
1/7/2025 23:00,NEW,1,23,476,236,1997.958495,457.4844458,1.047673819,0.489890375,0.495798319
1/8/2025 0:00,CONTROL,2,0,489,250,2125,474.5087009,1.053721458,0.477313927,0.511247444
1/8/2025 1:00,CONTROL,2,1,550,269,2277.334047,489.9584586,1.062754432,0.474136344,0.489090909
1/8/2025 2:00,CONTROL,2,2,498,234,1957.649944,528.0739638,1.022584026,0.468152831,0.469879518
1/8/2025 3:00,CONTROL,2,3,541,257,2109.226443,499.4766824,1.114303354,0.450853375,0.475046211
1/8/2025 4:00,CONTROL,2,4,594,256,2048,540.6210558,1.05301491,0.437349255,0.430976431
1/8/2025 5:00,CONTROL,2,5,554,229,1776.769561,537.8422166,1.073314902,0.417039778,0.413357401
1/8/2025 6:00,CONTROL,2,6,589,209,1567.5,514.132196,1.128114529,0.393594274,0.35483871
1/8/2025 7:00,CONTROL,2,7,569,220,1593.05981,508.4713024,1.135312973,0.372528828,0.386643234
1/8/2025 8:00,CONTROL,2,8,581,194,1358,481.9058284,1.181313856,0.350934307,0.333907057
1/8/2025 9:00,CONTROL,2,9,531,174,1181.96342,486.126014,1.144905902,0.336186162,0.327683616
1/8/2025 10:00,CONTROL,2,10,560,181,1200.749402,454.7764688,1.187396528,0.321348141,0.323214286
1/8/2025 11:00,CONTROL,2,11,532,146,953.9748294,420.137388,1.239369641,0.310757452,0.27443609
1/8/2025 12:00,CONTROL,2,12,533,153,994.5,393.7710589,1.269773359,0.306511332,0.287054409
1/8/2025 13:00,CONTROL,2,13,487,165,1078.122239,400.0430968,1.198107105,0.312820579,0.338809035
1/8/2025 14:00,CONTROL,2,14,425,123,815.9788753,398.6984422,1.153754194,0.323030258,0.289411765
1/8/2025 15:00,CONTROL,2,15,439,169,1147.998954,385.9736238,1.148864664,0.335988224,0.384965831
1/8/2025 16:00,CONTROL,2,16,415,130,910,368.7818265,1.167947921,0.351602604,0.313253012
1/8/2025 17:00,CONTROL,2,17,403,148,1071.694781,377.9205432,1.118557701,0.373366591,0.367245658
1/8/2025 18:00,CONTROL,2,18,429,176,1320,393.4373346,1.067514349,0.396624283,0.41025641
1/8/2025 19:00,CONTROL,2,19,442,190,1474.175619,389.7642626,1.084568223,0.416477112,0.429864253
1/8/2025 20:00,CONTROL,2,20,405,190,1520,370.8010066,1.161587914,0.431920604,0.469135802
1/8/2025 21:00,CONTROL,2,21,428,184,1510.107648,422.5308666,1.04946524,0.45409528,0.429906542
1/8/2025 22:00,CONTROL,2,22,431,202,1689.937132,424.7458172,1.083000659,0.465131999,0.468677494
1/8/2025 23:00,CONTROL,2,23,500,245,2074.151827,439.8750756,1.089614991,0.472793317,0.49
1/9/2025 0:00,NEW,3,0,503,238,2023,482.3997685,1.036484743,0.493175763,0.473161034
1/9/2025 1:00,NEW,3,1,523,260,2201.140715,485.1485495,1.073290901,0.488609521,0.497131931
1/9/2025 2:00,NEW,3,2,525,256,2141.702503,526.6217858,1.025403837,0.48301184,0.487619048
1/9/2025 3:00,NEW,3,3,591,266,2183.090404,520.0645304,1.070191313,0.468058977,0.450084602
1/9/2025 4:00,NEW,3,4,588,262,2096,536.071996,1.061950702,0.451902465,0.445578231
1/9/2025 5:00,NEW,3,5,572,267,2071.604685,516.110078,1.118509579,0.429780045,0.466783217
1/9/2025 6:00,NEW,3,6,592,236,1770,520.8834986,1.113492751,0.409325362,0.398648649
1/9/2025 7:00,NEW,3,7,589,227,1643.748077,517.7791511,1.114904037,0.388549275,0.385398981
1/9/2025 8:00,NEW,3,8,573,205,1435,504.5660516,1.128260672,0.368586966,0.357766143
1/9/2025 9:00,NEW,3,9,577,178,1209.134993,465.0181706,1.196874827,0.348587716,0.308492201
1/9/2025 10:00,NEW,3,10,553,179,1187.481453,462.0239868,1.168770487,0.337279443,0.323688969
1/9/2025 11:00,NEW,3,11,511,173,1130.394832,444.9286372,1.17031245,0.329210311,0.338551859
1/9/2025 12:00,NEW,3,12,490,157,1020.5,428.3320066,1.167318791,0.32663406,0.320408163
1/9/2025 13:00,NEW,3,13,470,156,1019.315571,405.4138084,1.182235204,0.328614174,0.331914894
1/9/2025 14:00,NEW,3,14,430,153,1014.998113,409.5590838,1.123159071,0.339560014,0.355813953
1/9/2025 15:00,NEW,3,15,464,142,964.5908371,384.6449021,1.152833315,0.350789792,0.306034483
1/9/2025 16:00,NEW,3,16,458,171,1197,369.118895,1.166881386,0.366655931,0.373362445
1/9/2025 17:00,NEW,3,17,451,173,1252.724305,368.3003266,1.147775072,0.386905723,0.383592018
1/9/2025 18:00,NEW,3,18,414,175,1312.5,371.6971977,1.129952022,0.408502399,0.422705314
1/9/2025 19:00,NEW,3,19,407,175,1357.793333,370.8617051,1.139847895,0.428713129,0.42997543
1/9/2025 20:00,NEW,3,20,435,195,1560,397.8938468,1.082494668,0.450875267,0.448275862
1/9/2025 21:00,NEW,3,21,439,222,1821.977705,429.5308173,1.032362382,0.469950423,0.505694761
1/9/2025 22:00,NEW,3,22,469,235,1966.01597,436.4153674,1.05404171,0.481579947,0.501066098
1/9/2025 23:00,NEW,3,23,468,232,1964.094792,444.9470746,1.077194353,0.488414348,0.495726496
1/10/2025 0:00,CONTROL,4,0,523,229,1946.5,465.4391931,1.074254183,0.476287291,0.437858509
1/10/2025 1:00,CONTROL,4,1,509,228,1930.231088,515.0906806,1.010900688,0.476729032,0.447937132
1/10/2025 2:00,CONTROL,4,2,552,252,2108.238402,501.0993402,1.077630635,0.465400501,0.456521739
1/10/2025 3:00,CONTROL,4,3,592,252,2068.190909,543.8019358,1.023476575,0.455394714,0.425675676
1/10/2025 4:00,CONTROL,4,4,561,221,1768,517.3940495,1.100287166,0.434985642,0.393939394
1/10/2025 5:00,CONTROL,4,5,561,240,1862.116571,524.3629272,1.100905568,0.415660245,0.427807487
1/10/2025 6:00,CONTROL,4,6,615,240,1800,521.5030954,1.112169813,0.394391509,0.390243902
1/10/2025 7:00,CONTROL,4,7,581,227,1643.748077,504.3120139,1.144676411,0.372060656,0.39070568
1/10/2025 8:00,CONTROL,4,8,558,206,1442,536.0257647,1.062042293,0.356897885,0.369175627
1/10/2025 9:00,CONTROL,4,9,593,190,1290.649712,491.4623911,1.132474331,0.336807741,0.320404722
1/10/2025 10:00,CONTROL,4,10,562,187,1240.553249,471.4771366,1.145336556,0.32345114,0.332740214
1/10/2025 11:00,CONTROL,4,11,523,160,1045.451868,440.9800544,1.180791554,0.313686356,0.305927342
1/10/2025 12:00,CONTROL,4,12,492,162,1053,430.5300996,1.161358986,0.311932051,0.329268293
1/10/2025 13:00,CONTROL,4,13,480,135,882.1000135,411.0833691,1.165930107,0.314429429,0.28125
1/10/2025 14:00,CONTROL,4,14,503,166,1101.239783,403.7636784,1.139280288,0.323753953,0.330019881
1/10/2025 15:00,CONTROL,4,15,474,185,1256.685245,387.1513975,1.145369642,0.336162975,0.390295359
1/10/2025 16:00,CONTROL,4,16,434,140,980,385.9966694,1.115859285,0.354207036,0.322580645
1/10/2025 17:00,CONTROL,4,17,426,154,1115.141867,368.2863602,1.147818599,0.371903546,0.361502347
1/10/2025 18:00,CONTROL,4,18,405,159,1192.5,379.9945451,1.105279024,0.394736049,0.392592593
1/10/2025 19:00,CONTROL,4,19,430,177,1373.310971,377.5399889,1.119685189,0.414721264,0.411627907
1/10/2025 20:00,CONTROL,4,20,429,177,1416,421.8969806,1.020907917,0.438954604,0.412587413
1/10/2025 21:00,CONTROL,4,21,399,170,1395.208153,393.0457728,1.128192919,0.450158897,0.426065163
1/10/2025 22:00,CONTROL,4,22,474,208,1740.133284,418.600092,1.098900857,0.464336989,0.438818565
1/10/2025 23:00,CONTROL,4,23,496,228,1930.231088,435.3086084,1.101045252,0.472221804,0.459677419
1/11/2025 0:00,NEW,5,0,528,268,2278,550.1995549,0.999637304,0.495018135,0.507575758
1/11/2025 1:00,NEW,5,1,575,298,2522.845896,540.5141412,1.055856785,0.489481227,0.51826087
1/11/2025 2:00,NEW,5,2,618,308,2576.735824,537.774658,1.097113803,0.479426342,0.498381877
1/11/2025 3:00,NEW,5,3,615,292,2396.47518,572.4980049,1.059512063,0.468592939,0.474796748
1/11/2025 4:00,NEW,5,4,633,287,2296,575.7836974,1.075546312,0.451222684,0.453396524
1/11/2025 5:00,NEW,5,5,663,280,2172.469333,562.5182987,1.115117619,0.429949643,0.422322775
1/11/2025 6:00,NEW,5,6,616,243,1822.5,568.9215662,1.107358268,0.409632087,0.394480519
1/11/2025 7:00,NEW,5,7,589,227,1643.748077,549.7363843,1.141045207,0.387242216,0.385398981
1/11/2025 8:00,NEW,5,8,570,224,1568,535.0871835,1.157347908,0.367132605,0.392982456
1/11/2025 9:00,NEW,5,9,615,215,1460.472042,536.2532541,1.131123285,0.351875293,0.349593496
1/11/2025 10:00,NEW,5,10,589,184,1220.651326,490.9476084,1.20175756,0.33563009,0.312393888
1/11/2025 11:00,NEW,5,11,547,186,1215.337796,486.0179729,1.174247776,0.329013545,0.340036563
1/11/2025 12:00,NEW,5,12,550,179,1163.5,464.1855374,1.184871039,0.325756448,0.325454545
1/11/2025 13:00,NEW,5,13,515,168,1097.724461,447.0944078,1.18385394,0.328533237,0.326213592
1/11/2025 14:00,NEW,5,14,504,174,1154.31158,421.8920521,1.208840028,0.335275966,0.345238095
1/11/2025 15:00,NEW,5,15,504,179,1215.927886,418.0751904,1.180245728,0.349419171,0.35515873
1/11/2025 16:00,NEW,5,16,499,167,1169,441.6185533,1.088536621,0.370573169,0.334669339
1/11/2025 17:00,NEW,5,17,459,172,1245.483124,420.2302723,1.12492118,0.388048417,0.374727669
1/11/2025 18:00,NEW,5,18,473,197,1477.5,442.760911,1.061520989,0.411923951,0.416490486
1/11/2025 19:00,NEW,5,19,476,208,1613.834361,457.6103213,1.033031625,0.434053942,0.43697479
1/11/2025 20:00,NEW,5,20,471,225,1800,434.8928501,1.105371053,0.449731447,0.477707006
1/11/2025 21:00,NEW,5,21,481,207,1698.871104,469.3762806,1.051249238,0.469006081,0.43035343
1/11/2025 22:00,NEW,5,22,518,236,1974.381995,506.9967953,1.005923518,0.483985856,0.455598456
1/11/2025 23:00,NEW,5,23,531,252,2133.413308,502.4980411,1.053326447,0.489607744,0.474576271
1/12/2025 0:00,CONTROL,6,0,516,238,2023,518.6393519,1.060467159,0.476976642,0.46124031
1/12/2025 1:00,CONTROL,6,1,541,255,2158.811086,522.8114465,1.0916087,0.472693631,0.471349353
1/12/2025 2:00,CONTROL,6,2,589,271,2267.192884,572.7279619,1.030157491,0.467774158,0.460101868
1/12/2025 3:00,CONTROL,6,3,634,276,2265.161472,589.50523,1.028945142,0.455121285,0.43533123
1/12/2025 4:00,CONTROL,6,4,624,273,2184,580.2463327,1.067274358,0.436636282,0.4375
1/12/2025 5:00,CONTROL,6,5,650,258,2001.775314,572.2808722,1.096094762,0.415900786,0.396923077
1/12/2025 6:00,CONTROL,6,6,573,226,1695,578.5754807,1.088881263,0.395555937,0.394415358
1/12/2025 7:00,CONTROL,6,7,604,257,1860.983505,550.9925216,1.138443883,0.372372282,0.425496689
1/12/2025 8:00,CONTROL,6,8,642,223,1561,522.4515561,1.185338669,0.350733067,0.347352025
1/12/2025 9:00,CONTROL,6,9,616,214,1453.679149,523.7624431,1.158098582,0.335526528,0.347402597
1/12/2025 10:00,CONTROL,6,10,564,176,1167.579529,506.604579,1.164616398,0.322487148,0.312056738
1/12/2025 11:00,CONTROL,6,11,562,155,1012.781497,462.7232825,1.233362455,0.311057811,0.275800712
1/12/2025 12:00,CONTROL,6,12,543,154,1001,462.270218,1.189780303,0.310510985,0.283609576
1/12/2025 13:00,CONTROL,6,13,570,180,1176.133351,445.9775428,1.186818675,0.313385,0.315789474
1/12/2025 14:00,CONTROL,6,14,506,171,1134.409656,433.03072,1.177745542,0.321830691,0.337944664
1/12/2025 15:00,CONTROL,6,15,494,165,1120.827381,437.5573184,1.127695588,0.337046678,0.334008097
1/12/2025 16:00,CONTROL,6,16,479,170,1190,431.6178229,1.113758381,0.354312081,0.354906054
1/12/2025 17:00,CONTROL,6,17,479,183,1325.136115,433.0807319,1.09154229,0.374717362,0.382045929
1/12/2025 18:00,CONTROL,6,18,467,190,1425,454.3256206,1.03450032,0.398274984,0.406852248
1/12/2025 19:00,CONTROL,6,19,451,181,1404.346247,448.1936065,1.054736005,0.417968723,0.401330377
1/12/2025 20:00,CONTROL,6,20,518,238,1904,435.3075857,1.10431792,0.434784104,0.459459459
1/12/2025 21:00,CONTROL,6,21,503,204,1674.249783,474.5847642,1.039711964,0.454582944,0.4055666
1/12/2025 22:00,CONTROL,6,22,508,219,1832.159563,517.1348816,0.986203055,0.46997188,0.431102362
1/12/2025 23:00,CONTROL,6,23,553,255,2158.811086,518.510878,1.020797246,0.476234204,0.461121157
1/13/2025 0:00,NEW,0,0,477,225,1912.5,499.501473,1.000998049,0.494950098,0.471698113
1/13/2025 1:00,NEW,0,1,527,261,2209.606641,492.8210417,1.056581354,0.489444998,0.495256167
1/13/2025 2:00,NEW,0,2,559,265,2216.996732,505.7203364,1.067783835,0.480892841,0.474060823
1/13/2025 3:00,NEW,0,3,570,271,2224.125938,529.5503588,1.05102099,0.469017493,0.475438596
1/13/2025 4:00,NEW,0,4,569,259,2072,523.9898025,1.086437235,0.450678138,0.455184534
1/13/2025 5:00,NEW,0,5,560,246,1908.669485,550.9347116,1.047808486,0.433315099,0.439285714
1/13/2025 6:00,NEW,0,6,553,232,1740,512.4155738,1.131893779,0.408405311,0.419529837
1/13/2025 7:00,NEW,0,7,597,245,1774.089334,536.7064108,1.075586307,0.390515161,0.41038526
1/13/2025 8:00,NEW,0,8,562,216,1512,512.8482606,1.110039901,0.369498005,0.384341637
1/13/2025 9:00,NEW,0,9,523,190,1290.649712,460.3904317,1.208905538,0.347986181,0.363288719
1/13/2025 10:00,NEW,0,10,551,194,1286.991072,483.3814064,1.117130268,0.339861454,0.352087114
1/13/2025 11:00,NEW,0,11,526,163,1065.05409,454.8707544,1.144732913,0.330489288,0.309885932
1/13/2025 12:00,NEW,0,12,494,171,1111.5,413.6905312,1.208632933,0.324568353,0.346153846
1/13/2025 13:00,NEW,0,13,457,155,1012.781497,393.3880165,1.218375894,0.326807139,0.33916849
1/13/2025 14:00,NEW,0,14,428,140,928.7564435,407.8561648,1.127848589,0.339325538,0.327102804
1/13/2025 15:00,NEW,0,15,438,145,984.9695167,368.6733313,1.202776062,0.348292654,0.331050228
1/13/2025 16:00,NEW,0,16,404,143,1001,378.4588543,1.138084002,0.3680958,0.353960396
1/13/2025 17:00,NEW,0,17,431,189,1368.5832,351.0879584,1.204045664,0.384092193,0.438515081
1/13/2025 18:00,NEW,0,18,447,171,1282.5,381.358712,1.101325305,0.409933735,0.382550336
1/13/2025 19:00,NEW,0,19,433,190,1474.175619,387.7582792,1.090179002,0.431196573,0.438799076
1/13/2025 20:00,NEW,0,20,465,215,1720,377.375041,1.141352556,0.447932372,0.462365591
1/13/2025 21:00,NEW,0,21,461,221,1813.770599,403.9898723,1.097630134,0.466687036,0.479392625
1/13/2025 22:00,NEW,0,22,465,234,1957.649944,423.8162249,1.085376097,0.480013227,0.503225806
1/13/2025 23:00,NEW,0,23,485,241,2040.288124,436.6991981,1.097539172,0.487397107,0.496907216
1/14/2025 0:00,CONTROL,1,0,497,246,2091,475.6571721,1.051177254,0.477441137,0.494969819
1/14/2025 1:00,CONTROL,1,1,493,242,2048.75405,485.4207401,1.072689073,0.473639612,0.490872211
1/14/2025 2:00,CONTROL,1,2,572,264,2208.630707,497.3275674,1.085803473,0.464991859,0.461538462
1/14/2025 3:00,CONTROL,1,3,589,275,2256.954365,529.124104,1.051867678,0.453975159,0.466893039
1/14/2025 4:00,CONTROL,1,4,548,238,1904,517.8606662,1.099295756,0.435035212,0.434306569
1/14/2025 5:00,CONTROL,1,5,561,217,1683.663733,527.5283876,1.094299529,0.415990547,0.386809269
1/14/2025 6:00,CONTROL,1,6,548,227,1702.5,525.5067887,1.103696494,0.394815175,0.414233577
1/14/2025 7:00,CONTROL,1,7,553,210,1520.648001,530.4912183,1.088187789,0.374885087,0.379746835
1/14/2025 8:00,CONTROL,1,8,568,199,1393,487.5466004,1.167646399,0.35161768,0.350352113
1/14/2025 9:00,CONTROL,1,9,538,176,1195.549207,489.3153586,1.137443435,0.336559286,0.327137546
1/14/2025 10:00,CONTROL,1,10,521,140,928.7564435,460.9489232,1.171496391,0.322143148,0.268714012
1/14/2025 11:00,CONTROL,1,11,514,161,1051.985942,427.1021341,1.219159264,0.311767971,0.313229572
1/14/2025 12:00,CONTROL,1,12,507,148,962,459.7899431,1.087453102,0.315627345,0.291913215
1/14/2025 13:00,CONTROL,1,13,476,144,940.906681,410.2199967,1.16838399,0.314306734,0.302521008
1/14/2025 14:00,CONTROL,1,14,433,124,822.6128499,382.2915738,1.203270047,0.320554465,0.286374134
1/14/2025 15:00,CONTROL,1,15,453,154,1046.105556,355.8675616,1.246057537,0.331128581,0.33995585
1/14/2025 16:00,CONTROL,1,16,480,190,1330,382.7069008,1.12545127,0.353727436,0.395833333
1/14/2025 17:00,CONTROL,1,17,420,152,1100.659505,376.2103048,1.123642624,0.373112345,0.361904762
1/14/2025 18:00,CONTROL,1,18,426,171,1282.5,382.0108847,1.099445112,0.395027744,0.401408451
1/14/2025 19:00,CONTROL,1,19,407,161,1249.169866,383.2994203,1.102860875,0.41556248,0.395577396
1/14/2025 20:00,CONTROL,1,20,430,174,1392,398.8368375,1.07993527,0.436003237,0.404651163
1/14/2025 21:00,CONTROL,1,21,459,212,1739.906638,414.3905769,1.070080939,0.453064496,0.461873638
1/14/2025 22:00,CONTROL,1,22,433,212,1773.597386,434.0738736,1.059727452,0.46629566,0.48960739
1/14/2025 23:00,CONTROL,1,23,475,223,1887.901459,445.3704914,1.076170258,0.473465553,0.469473684
1/15/2025 0:00,NEW,2,0,510,278,2363,475.8497489,1.050751842,0.492462408,0.545098039
1/15/2025 1:00,NEW,2,1,481,248,2099.549605,494.7502331,1.052461401,0.489650996,0.515592516
1/15/2025 2:00,NEW,2,2,551,271,2267.192884,491.2372648,1.099265139,0.479318775,0.491833031
1/15/2025 3:00,NEW,2,3,586,252,2068.190909,517.3877147,1.075728176,0.467782134,0.43003413
1/15/2025 4:00,NEW,2,4,562,256,2048,528.8158917,1.076522172,0.451173891,0.455516014
1/15/2025 5:00,NEW,2,5,571,228,1769.010742,517.8160957,1.114824493,0.429964299,0.399299475
1/15/2025 6:00,NEW,2,6,580,234,1755,524.4086097,1.106007776,0.409699611,0.403448276
1/15/2025 7:00,NEW,2,7,595,212,1535.130362,473.7673663,1.21847579,0.383370687,0.356302521
1/15/2025 8:00,NEW,2,8,564,210,1470,477.6185978,1.191917641,0.365404118,0.372340426
1/15/2025 9:00,NEW,2,9,571,199,1351.785751,489.3559596,1.137349064,0.351564004,0.348511384
1/15/2025 10:00,NEW,2,10,488,160,1061.435935,453.9696581,1.18950681,0.336242627,0.327868852
1/15/2025 11:00,NEW,2,11,528,186,1215.337796,435.2931589,1.196218027,0.327915033,0.352272727
1/15/2025 12:00,NEW,2,12,511,158,1027,424.7703523,1.177106635,0.326144668,0.309197652
1/15/2025 13:00,NEW,2,13,476,152,993.1792744,426.1654556,1.124667591,0.331492554,0.319327731
1/15/2025 14:00,NEW,2,14,442,153,1014.998113,387.4321819,1.18730457,0.336352739,0.346153846
1/15/2025 15:00,NEW,2,15,439,158,1073.277129,405.4781971,1.093601236,0.353751396,0.359908884
1/15/2025 16:00,NEW,2,16,467,163,1141,367.7939886,1.171084849,0.366445758,0.349036403
1/15/2025 17:00,NEW,2,17,410,153,1107.900686,407.3424876,1.037765386,0.392406207,0.373170732
1/15/2025 18:00,NEW,2,18,406,170,1275,384.8995821,1.091193702,0.410440315,0.418719212
1/15/2025 19:00,NEW,2,19,426,185,1435.381523,380.4439934,1.11113841,0.430148603,0.4342723
1/15/2025 20:00,NEW,2,20,411,180,1440,378.2072258,1.138841192,0.44805794,0.437956204
1/15/2025 21:00,NEW,2,21,454,216,1772.735065,399.0623165,1.11118349,0.466009368,0.475770925
1/15/2025 22:00,NEW,2,22,474,237,1982.748021,451.7041466,1.018365679,0.483363748,0.5
1/15/2025 23:00,NEW,2,23,464,241,2040.288124,469.4538897,1.020961775,0.491225977,0.519396552
1/16/2025 0:00,CONTROL,3,0,494,240,2040,470.1598024,1.063468203,0.47682659,0.48582996
1/16/2025 1:00,CONTROL,3,1,564,247,2091.083679,500.6214335,1.040118319,0.47526815,0.437943262
1/16/2025 2:00,CONTROL,3,2,558,286,2392.683265,499.7299124,1.080583704,0.465252847,0.512544803
1/16/2025 3:00,CONTROL,3,3,566,255,2092.812229,543.5163842,1.024014287,0.455367828,0.450530035
1/16/2025 4:00,CONTROL,3,4,529,232,1856,510.913742,1.114242945,0.434287853,0.438563327
1/16/2025 5:00,CONTROL,3,5,571,228,1769.010742,523.6983313,1.102302665,0.41559039,0.399299475
1/16/2025 6:00,CONTROL,3,6,585,225,1687.5,519.4931743,1.116472802,0.39417636,0.384615385
1/16/2025 7:00,CONTROL,3,7,591,215,1556.853905,519.4408076,1.111337534,0.3737276,0.363790186
1/16/2025 8:00,CONTROL,3,8,556,202,1414,504.1170975,1.129265472,0.353536726,0.363309353
1/16/2025 9:00,CONTROL,3,9,556,182,1236.306566,499.8082648,1.113564104,0.337753252,0.327338129
1/16/2025 10:00,CONTROL,3,10,592,189,1253.821199,466.2286118,1.158230075,0.322806464,0.319256757
1/16/2025 11:00,CONTROL,3,11,528,162,1058.520016,454.7869499,1.144943855,0.315478741,0.306818182
1/16/2025 12:00,CONTROL,3,12,482,155,1007.5,421.8646511,1.185214259,0.310739287,0.321576763
1/16/2025 13:00,CONTROL,3,13,487,136,888.6340876,433.2654507,1.106237471,0.31741406,0.27926078
1/16/2025 14:00,CONTROL,3,14,447,162,1074.703885,412.030888,1.116421155,0.32489691,0.362416107
1/16/2025 15:00,CONTROL,3,15,456,177,1202.3421,371.6371675,1.193183826,0.333772266,0.388157895
1/16/2025 16:00,CONTROL,3,16,421,141,987,363.5658391,1.184704176,0.350764791,0.334916865
1/16/2025 17:00,CONTROL,3,17,414,160,1158.588953,400.8873221,1.054475686,0.376570692,0.38647343
1/16/2025 18:00,CONTROL,3,18,445,178,1335,355.1151553,1.182714941,0.390864253,0.4
1/16/2025 19:00,CONTROL,3,19,473,177,1373.310971,377.6459444,1.119371041,0.414736972,0.374207188
1/16/2025 20:00,CONTROL,3,20,470,212,1696,421.5457694,1.021758487,0.438912076,0.45106383
1/16/2025 21:00,CONTROL,3,21,455,199,1633.214249,430.1269192,1.030931657,0.45502196,0.437362637
1/16/2025 22:00,CONTROL,3,22,459,208,1740.133284,421.645601,1.090963593,0.464733853,0.453159041
1/16/2025 23:00,CONTROL,3,23,498,249,2108.015531,464.9589861,1.030831731,0.47573248,0.5
1/17/2025 0:00,NEW,4,0,462,225,1912.5,464.2476652,1.07701134,0.491149433,0.487012987
1/17/2025 1:00,NEW,4,1,533,275,2328.129602,516.4848631,1.008171896,0.491865471,0.515947467
1/17/2025 2:00,NEW,4,2,551,261,2183.53263,527.6981913,1.023312205,0.483116422,0.473684211
1/17/2025 3:00,NEW,4,3,578,277,2273.368578,515.0062561,1.080702488,0.467533418,0.479238754
1/17/2025 4:00,NEW,4,4,546,257,2056,519.2531386,1.096347793,0.45018261,0.470695971
1/17/2025 5:00,NEW,4,5,541,222,1722.457828,529.1304293,1.090986332,0.431156207,0.410351201
1/17/2025 6:00,NEW,4,6,548,212,1590,515.0094525,1.126192922,0.408690354,0.386861314
1/17/2025 7:00,NEW,4,7,519,203,1469.959734,494.5274308,1.167324662,0.385928243,0.391136802
1/17/2025 8:00,NEW,4,8,604,221,1547,497.7090547,1.143804853,0.367809757,0.36589404
1/17/2025 9:00,NEW,4,9,565,215,1460.472042,472.2008378,1.178669113,0.349498002,0.380530973
1/17/2025 10:00,NEW,4,10,564,187,1240.553249,474.1085183,1.138979747,0.33876898,0.331560284
1/17/2025 11:00,NEW,4,11,504,184,1202.269648,430.3170868,1.210050773,0.327223395,0.365079365
1/17/2025 12:00,NEW,4,12,483,157,1020.5,438.7037694,1.139721231,0.328013938,0.32505176
1/17/2025 13:00,NEW,4,13,464,152,993.1792744,407.8963737,1.175039807,0.328973944,0.327586207
1/17/2025 14:00,NEW,4,14,477,152,1008.364139,357.7178118,1.285929816,0.331421477,0.318658281
1/17/2025 15:00,NEW,4,15,453,167,1134.413168,384.415503,1.153521266,0.350755394,0.368653422
1/17/2025 16:00,NEW,4,16,405,146,1022,388.7921919,1.107835951,0.369608202,0.360493827
1/17/2025 17:00,NEW,4,17,422,177,1281.689029,381.9793141,1.10667232,0.38896086,0.41943128
1/17/2025 18:00,NEW,4,18,403,175,1312.5,366.9811263,1.144473026,0.407776349,0.434243176
1/17/2025 19:00,NEW,4,19,423,169,1311.240419,370.6864894,1.140386677,0.42868619,0.399527187
1/17/2025 20:00,NEW,4,20,432,199,1592,386.0002668,1.115848886,0.449207556,0.460648148
1/17/2025 21:00,NEW,4,21,461,223,1830.184812,421.3143783,1.052495429,0.468943771,0.48373102
1/17/2025 22:00,NEW,4,22,501,233,1949.283919,443.2058982,1.037892325,0.482387416,0.46506986
1/17/2025 23:00,NEW,4,23,506,232,1964.094792,451.7697278,1.060926501,0.489227741,0.458498024
1/18/2025 0:00,CONTROL,5,0,534,252,2142,512.8105373,1.072520863,0.476373957,0.471910112
1/18/2025 1:00,CONTROL,5,1,603,272,2302.731825,543.0379862,1.050949543,0.474726589,0.451077944
1/18/2025 2:00,CONTROL,5,2,558,285,2384.31724,552.1705804,1.068510386,0.465856513,0.510752688
1/18/2025 3:00,CONTROL,5,3,605,283,2322.611219,580.6037714,1.044720294,0.454332528,0.467768595
1/18/2025 4:00,CONTROL,5,4,604,269,2152,577.3171735,1.072689434,0.436365528,0.445364238
1/18/2025 5:00,CONTROL,5,5,598,241,1869.87539,574.3632394,1.092120845,0.416099481,0.403010033
1/18/2025 6:00,CONTROL,5,6,651,280,2100,595.0994666,1.058646555,0.397067672,0.430107527
1/18/2025 7:00,CONTROL,5,7,610,215,1556.853905,563.700128,1.112779712,0.373655491,0.352459016
1/18/2025 8:00,CONTROL,5,8,611,201,1407,536.8501483,1.153547287,0.352322636,0.328968903
1/18/2025 9:00,CONTROL,5,9,615,207,1406.128896,510.1394131,1.189025053,0.333980205,0.336585366
1/18/2025 10:00,CONTROL,5,10,618,227,1505.912233,505.8155424,1.166433117,0.322396312,0.367313916
1/18/2025 11:00,CONTROL,5,11,579,196,1280.678538,470.1361081,1.213915532,0.312030157,0.33851468
1/18/2025 12:00,CONTROL,5,12,601,175,1137.5,485.3107908,1.133294397,0.31333528,0.291181364
1/18/2025 13:00,CONTROL,5,13,523,171,1117.326684,455.8793262,1.161040754,0.314673896,0.326959847
1/18/2025 14:00,CONTROL,5,14,532,169,1121.141707,421.8182137,1.209051633,0.320265386,0.317669173
1/18/2025 15:00,CONTROL,5,15,481,159,1080.070022,394.8150518,1.249778739,0.330942521,0.330561331
1/18/2025 16:00,CONTROL,5,16,470,164,1148,405.6386883,1.18508905,0.350745548,0.34893617
1/18/2025 17:00,CONTROL,5,17,454,169,1223.759581,413.4594445,1.143342933,0.37212733,0.372246696
1/18/2025 18:00,CONTROL,5,18,500,192,1440,441.2573778,1.065137998,0.3967431,0.384
1/18/2025 19:00,CONTROL,5,19,472,177,1373.310971,437.6268156,1.080203308,0.416695358,0.375
1/18/2025 20:00,CONTROL,5,20,504,205,1640,426.9785233,1.12585983,0.433707008,0.406746032
1/18/2025 21:00,CONTROL,5,21,488,211,1731.699531,465.7830663,1.059358945,0.453600595,0.432377049
1/18/2025 22:00,CONTROL,5,22,483,232,1940.917894,494.1531073,1.032068791,0.467678593,0.480331263
1/18/2025 23:00,CONTROL,5,23,532,242,2048.75405,509.6366067,1.038572327,0.47534545,0.454887218
1/19/2025 0:00,NEW,6,0,587,283,2405.5,532.5886055,1.032692015,0.493365399,0.482112436
1/19/2025 1:00,NEW,6,1,568,289,2446.652564,557.8041415,1.023128875,0.491117622,0.508802817
1/19/2025 2:00,NEW,6,2,588,272,2275.55891,548.5178266,1.075625935,0.480500736,0.462585034
1/19/2025 3:00,NEW,6,3,601,259,2125.640656,575.0537117,1.054803282,0.468828378,0.430948419
1/19/2025 4:00,NEW,6,4,641,294,2352,558.8042993,1.108227036,0.449588648,0.458658346
1/19/2025 5:00,NEW,6,5,664,284,2203.504609,578.1734929,1.084923598,0.431459344,0.427710843
1/19/2025 6:00,NEW,6,6,623,252,1890,566.7087059,1.111682234,0.409415888,0.404494382
1/19/2025 7:00,NEW,6,7,605,227,1643.748077,540.6238995,1.160278091,0.386280572,0.375206612
1/19/2025 8:00,NEW,6,8,653,259,1813,556.1263921,1.113563465,0.369321827,0.396630934
1/19/2025 9:00,NEW,6,9,603,213,1446.886256,522.8995135,1.160009766,0.350430969,0.353233831
1/19/2025 10:00,NEW,6,10,613,191,1267.089148,506.503033,1.164849885,0.337475473,0.311582382
1/19/2025 11:00,NEW,6,11,575,172,1123.860758,472.161714,1.208707751,0.327290546,0.299130435
1/19/2025 12:00,NEW,6,12,560,192,1248,482.1279644,1.140775978,0.327961201,0.342857143
1/19/2025 13:00,NEW,6,13,492,178,1163.065203,440.9909333,1.200238908,0.327713988,0.361788618
1/19/2025 14:00,NEW,6,14,536,187,1240.553249,461.1005261,1.106049486,0.340415493,0.348880597
1/19/2025 15:00,NEW,6,15,461,158,1073.277129,427.7743799,1.153485297,0.350757193,0.342733189
1/19/2025 16:00,NEW,6,16,477,158,1106,453.1923625,1.060737134,0.371963143,0.331236897
1/19/2025 17:00,NEW,6,17,446,186,1346.859658,408.198758,1.158077835,0.386390585,0.417040359
1/19/2025 18:00,NEW,6,18,456,213,1597.5,416.5604666,1.128287578,0.408585621,0.467105263
1/19/2025 19:00,NEW,6,19,471,216,1675.904914,410.4761023,1.151652755,0.428122886,0.458598726
1/19/2025 20:00,NEW,6,20,451,203,1624,445.9007164,1.078082968,0.451095852,0.450110865
1/19/2025 21:00,NEW,6,21,478,234,1920.462987,456.8956121,1.079965411,0.467570272,0.489539749
1/19/2025 22:00,NEW,6,22,523,241,2016.212122,478.6816559,1.065426247,0.48101072,0.460803059
1/19/2025 23:00,NEW,6,23,513,249,2108.015531,497.1421799,1.064674248,0.489040354,0.485380117
1/20/2025 0:00,CONTROL,0,0,498,240,2040,503.5178603,0.993013435,0.480349328,0.481927711
1/20/2025 1:00,CONTROL,0,1,489,245,2074.151827,466.7360218,1.115631748,0.471492479,0.501022495
1/20/2025 2:00,CONTROL,0,2,542,260,2175.166605,502.1367701,1.075404217,0.465511821,0.479704797
1/20/2025 3:00,CONTROL,0,3,574,256,2101.019336,544.7726672,1.02165284,0.455485901,0.445993031
1/20/2025 4:00,CONTROL,0,4,554,234,1872,494.3086489,1.151673218,0.432416339,0.422382671
1/20/2025 5:00,CONTROL,0,5,578,235,1823.322476,525.0482811,1.099468538,0.415732097,0.406574394
1/20/2025 6:00,CONTROL,0,6,588,214,1605,524.5298201,1.105752195,0.39471239,0.363945578
1/20/2025 7:00,CONTROL,0,7,577,217,1571.336267,510.5973614,1.130585682,0.372765192,0.376083189
1/20/2025 8:00,CONTROL,0,8,575,195,1365,512.4188278,1.11097017,0.354451491,0.339130435
1/20/2025 9:00,CONTROL,0,9,558,177,1202.3421,464.0781256,1.199299238,0.333466496,0.317204301
1/20/2025 10:00,CONTROL,0,10,502,180,1194.115427,460.6892514,1.172156716,0.322110132,0.358565737
1/20/2025 11:00,CONTROL,0,11,500,154,1006.247423,445.8846715,1.167803149,0.314335776,0.308
1/20/2025 12:00,CONTROL,0,12,508,151,981.5,439.541858,1.137548088,0.313122596,0.297244094
1/20/2025 13:00,CONTROL,0,13,497,149,973.5770519,390.3123306,1.227976773,0.311327095,0.299798793
1/20/2025 14:00,CONTROL,0,14,454,125,829.2468245,414.9683952,1.108518155,0.32529206,0.275330396
1/20/2025 15:00,CONTROL,0,15,408,138,937.4192642,395.312973,1.121722503,0.337345332,0.338235294
1/20/2025 16:00,CONTROL,0,16,453,170,1190,392.3664148,1.09774423,0.355112789,0.375275938
1/20/2025 17:00,CONTROL,0,17,418,171,1238.241943,358.3972944,1.179489747,0.370319989,0.409090909
1/20/2025 18:00,CONTROL,0,18,447,186,1395,397.6546312,1.056192905,0.397190355,0.416107383
1/20/2025 19:00,CONTROL,0,19,406,174,1350.034514,360.6722438,1.172050085,0.412103019,0.428571429
1/20/2025 20:00,CONTROL,0,20,436,178,1424,398.0180338,1.082156915,0.435892154,0.408256881
1/20/2025 21:00,CONTROL,0,21,443,197,1616.800036,407.6583911,1.087752558,0.452180915,0.44469526
1/20/2025 22:00,CONTROL,0,22,457,206,1723.401233,427.3727959,1.076343662,0.465464849,0.450765864
1/20/2025 23:00,CONTROL,0,23,511,232,1964.094792,450.6312335,1.063606871,0.474093723,0.454011742
1/21/2025 0:00,NEW,1,0,493,245,2082.5,485.4543161,1.029963033,0.493501848,0.496957404
1/21/2025 1:00,NEW,1,1,529,265,2243.470344,492.1735847,1.057971293,0.489375501,0.50094518
1/21/2025 2:00,NEW,1,2,542,267,2233.728783,491.4738108,1.098736063,0.479345229,0.492619926
1/21/2025 3:00,NEW,1,3,566,274,2248.747258,530.1601243,1.049812155,0.469077935,0.48409894
1/21/2025 4:00,NEW,1,4,556,244,1952,514.7691236,1.105897783,0.449705111,0.438848921
1/21/2025 5:00,NEW,1,5,592,271,2102.639961,497.3276385,1.16075203,0.427667922,0.45777027
1/21/2025 6:00,NEW,1,6,561,239,1792.5,553.11124,1.048613657,0.412569317,0.426024955
1/21/2025 7:00,NEW,1,7,616,258,1868.224686,528.5905779,1.09210056,0.389689448,0.418831169
1/21/2025 8:00,NEW,1,8,567,213,1491,491.1421214,1.15909837,0.367045082,0.375661376
1/21/2025 9:00,NEW,1,9,565,198,1344.992857,485.0401136,1.1474691,0.351058003,0.350442478
1/21/2025 10:00,NEW,1,10,532,168,1114.507732,467.2380722,1.155727737,0.337931581,0.315789474
1/21/2025 11:00,NEW,1,11,513,164,1071.588164,452.8104039,1.149941607,0.330228854,0.319688109
1/21/2025 12:00,NEW,1,12,498,175,1137.5,441.8907538,1.131501385,0.328424931,0.351405622
1/21/2025 13:00,NEW,1,13,466,159,1038.917794,394.6308986,1.214538644,0.326999002,0.341201717
1/21/2025 14:00,NEW,1,14,464,182,1207.383377,409.9222678,1.122163971,0.339609769,0.392241379
1/21/2025 15:00,NEW,1,15,456,160,1086.862915,391.2274787,1.133436381,0.351759638,0.350877193
1/21/2025 16:00,NEW,1,16,427,143,1001,373.9181454,1.151904429,0.367404779,0.334894614
1/21/2025 17:00,NEW,1,17,363,133,963.077067,383.8862152,1.10117508,0.389235722,0.366391185
1/21/2025 18:00,NEW,1,18,438,170,1275,394.8616908,1.063663581,0.411816821,0.388127854
1/21/2025 19:00,NEW,1,19,395,174,1350.034514,371.3489656,1.138352259,0.428787911,0.440506329
1/21/2025 20:00,NEW,1,20,440,208,1664,412.7109958,1.043630948,0.452818453,0.472727273
1/21/2025 21:00,NEW,1,21,453,207,1698.871104,425.6424181,1.04179339,0.469478873,0.456953642
1/21/2025 22:00,NEW,1,22,475,238,1991.114046,445.9247272,1.031564235,0.482703821,0.501052632
1/21/2025 23:00,NEW,1,23,461,220,1862.503682,454.1153555,1.05544653,0.48950174,0.477223427
1/22/2025 0:00,CONTROL,2,0,497,247,2099.5,464.8723259,1.075564133,0.476221793,0.496981891
1/22/2025 1:00,CONTROL,2,1,524,238,2014.890347,465.3788969,1.118885122,0.47132981,0.454198473
1/22/2025 2:00,CONTROL,2,2,558,261,2183.53263,519.2713709,1.039918683,0.467286098,0.467741935
1/22/2025 3:00,CONTROL,2,3,541,246,2018.948268,496.4759598,1.121038253,0.45051663,0.454713494
1/22/2025 4:00,CONTROL,2,4,565,247,1976,539.0280025,1.056127009,0.43719365,0.437168142
1/22/2025 5:00,CONTROL,2,5,552,256,1986.257676,536.5484061,1.075903049,0.416910371,0.463768116
1/22/2025 6:00,CONTROL,2,6,553,203,1522.5,542.4098789,1.069302058,0.396534897,0.367088608
1/22/2025 7:00,CONTROL,2,7,580,220,1593.05981,466.783501,1.236706235,0.367459165,0.379310345
1/22/2025 8:00,CONTROL,2,8,559,190,1330,501.2666695,1.135686984,0.353215651,0.339892665
1/22/2025 9:00,CONTROL,2,9,566,198,1344.992857,488.3793853,1.139623332,0.336450291,0.349823322
1/22/2025 10:00,CONTROL,2,10,529,170,1127.775681,468.5035536,1.152605985,0.323087668,0.321361059
1/22/2025 11:00,CONTROL,2,11,512,143,934.3726068,433.0661286,1.202369544,0.312607457,0.279296875
1/22/2025 12:00,CONTROL,2,12,522,151,981.5,412.663701,1.211640371,0.309417981,0.289272031
1/22/2025 13:00,CONTROL,2,13,482,161,1051.985942,403.2984623,1.188436161,0.313304126,0.334024896
1/22/2025 14:00,CONTROL,2,14,442,151,1001.730164,406.4578897,1.131728555,0.32413154,0.341628959
1/22/2025 15:00,CONTROL,2,15,427,152,1032.519769,363.2225784,1.220825697,0.332390173,0.355971897
1/22/2025 16:00,CONTROL,2,16,434,149,1043,380.8166417,1.131037672,0.353448116,0.343317972
1/22/2025 17:00,CONTROL,2,17,420,147,1064.4536,380.8398371,1.109983496,0.373795302,0.35
1/22/2025 18:00,CONTROL,2,18,417,159,1192.5,341.4177426,1.230164539,0.388491773,0.381294964
1/22/2025 19:00,CONTROL,2,19,447,209,1621.59318,400.4047789,1.055746475,0.4179182,0.467561521
1/22/2025 20:00,CONTROL,2,20,434,197,1576,399.743984,1.077484552,0.436125772,0.453917051
1/22/2025 21:00,CONTROL,2,21,467,206,1690.663997,424.0025485,1.045822623,0.454277411,0.44111349
1/22/2025 22:00,CONTROL,2,22,472,225,1882.355716,433.9265037,1.060087356,0.466277664,0.476694915
1/22/2025 23:00,CONTROL,2,23,454,226,1913.299237,446.2551217,1.07403692,0.47357222,0.497797357
1/23/2025 0:00,NEW,3,0,529,252,2142,468.2012739,1.067916787,0.491604161,0.47637051
1/23/2025 1:00,NEW,3,1,519,247,2091.083679,509.3697937,1.022254421,0.491161345,0.475915222
1/23/2025 2:00,NEW,3,2,556,256,2141.702503,486.0763044,1.110936689,0.478735198,0.460431655
1/23/2025 3:00,NEW,3,3,579,284,2330.818326,507.5444116,1.09659082,0.466739001,0.490500864
1/23/2025 4:00,NEW,3,4,582,279,2232,513.0765689,1.109545956,0.449522702,0.479381443
1/23/2025 5:00,NEW,3,5,574,239,1854.357752,518.8554256,1.112591365,0.430075955,0.416376307
1/23/2025 6:00,NEW,3,6,569,226,1695,533.1123652,1.087950755,0.410602462,0.397188049
1/23/2025 7:00,NEW,3,7,557,224,1622.024534,508.6471846,1.1349204,0.387548456,0.402154399
1/23/2025 8:00,NEW,3,8,584,207,1449,534.3110096,1.065450687,0.371727466,0.354452055
1/23/2025 9:00,NEW,3,9,567,185,1256.685245,481.5710071,1.155735155,0.3506447,0.32627866
1/23/2025 10:00,NEW,3,10,554,184,1220.651326,473.3480338,1.14080964,0.338677486,0.332129964
1/23/2025 11:00,NEW,3,11,532,175,1143.46298,453.5797441,1.147991131,0.330326377,0.328947368
1/23/2025 12:00,NEW,3,12,530,177,1150.5,426.5278444,1.172256411,0.326387179,0.333962264
1/23/2025 13:00,NEW,3,13,480,169,1104.258535,410.6882957,1.167051707,0.329373349,0.352083333
1/23/2025 14:00,NEW,3,14,464,164,1087.971834,396.6815407,1.159620383,0.337736949,0.353448276
1/23/2025 15:00,NEW,3,15,410,128,869.490332,381.8618208,1.161235382,0.350369688,0.312195122
1/23/2025 16:00,NEW,3,16,435,193,1351,377.1915191,1.14190788,0.367904606,0.443678161
1/23/2025 17:00,NEW,3,17,410,161,1165.830134,356.0803929,1.18716431,0.384936261,0.392682927
1/23/2025 18:00,NEW,3,18,431,193,1447.5,397.2246569,1.057336177,0.412133191,0.447795824
1/23/2025 19:00,NEW,3,19,445,191,1481.934438,393.3971429,1.074552628,0.431977892,0.429213483
1/23/2025 20:00,NEW,3,20,405,201,1608,386.2512575,1.115123794,0.44924381,0.496296296
1/23/2025 21:00,NEW,3,21,441,197,1616.800036,429.575999,1.0322538,0.469955852,0.446712018
1/23/2025 22:00,NEW,3,22,501,223,1865.623665,421.3914408,1.091621603,0.479700952,0.44510978
1/23/2025 23:00,NEW,3,23,482,237,2006.424421,430.398259,1.113606913,0.48659372,0.491701245
1/24/2025 0:00,CONTROL,4,0,492,238,2023,472.1494145,1.058986805,0.47705066,0.483739837
1/24/2025 1:00,CONTROL,4,1,551,257,2175.742937,460.6051882,1.130481238,0.470750004,0.466424682
1/24/2025 2:00,CONTROL,4,2,534,231,1932.551868,488.0233286,1.106504481,0.463956808,0.43258427
1/24/2025 3:00,CONTROL,4,3,568,271,2224.125938,514.1506915,1.082500815,0.452443502,0.477112676
1/24/2025 4:00,CONTROL,4,4,542,227,1816,556.9505242,1.022141119,0.438892944,0.418819188
1/24/2025 5:00,CONTROL,4,5,577,235,1823.322476,533.4054437,1.082242547,0.416593396,0.407279029
1/24/2025 6:00,CONTROL,4,6,576,223,1672.5,549.0652216,1.056340808,0.39718296,0.387152778
1/24/2025 7:00,CONTROL,4,7,586,220,1593.05981,497.7296377,1.159814531,0.37130375,0.375426621
1/24/2025 8:00,CONTROL,4,8,569,192,1344,493.4259078,1.153733566,0.352313322,0.337434095
1/24/2025 9:00,CONTROL,4,9,568,182,1236.306566,462.4779027,1.203448942,0.33325901,0.320422535
1/24/2025 10:00,CONTROL,4,10,545,189,1253.821199,455.5666819,1.185336903,0.321451123,0.346788991
1/24/2025 11:00,CONTROL,4,11,515,162,1058.520016,474.9826524,1.096262192,0.317912824,0.314563107
1/24/2025 12:00,CONTROL,4,12,496,153,994.5,436.1628796,1.146360737,0.312681963,0.308467742
1/24/2025 13:00,CONTROL,4,13,499,158,1032.383719,380.2187838,1.260575481,0.30969716,0.316633267
1/24/2025 14:00,CONTROL,4,14,477,138,915.4884943,364.5298584,1.261899374,0.317622999,0.289308176
1/24/2025 15:00,CONTROL,4,15,424,148,1005.348196,383.6247382,1.155899016,0.335636507,0.349056604
1/24/2025 16:00,CONTROL,4,16,444,159,1113,370.772677,1.161676667,0.351916167,0.358108108
1/24/2025 17:00,CONTROL,4,17,424,161,1165.830134,399.241053,1.058823813,0.376353286,0.379716981
1/24/2025 18:00,CONTROL,4,18,438,184,1380,375.1631941,1.119512806,0.39402436,0.420091324
1/24/2025 19:00,CONTROL,4,19,429,171,1326.758057,367.137915,1.151409094,0.413135069,0.398601399
1/24/2025 20:00,CONTROL,4,20,434,184,1472,359.3509123,1.198599901,0.430070005,0.423963134
1/24/2025 21:00,CONTROL,4,21,467,198,1625.007143,424.9692229,1.043443698,0.454396358,0.423982869
1/24/2025 22:00,CONTROL,4,22,466,229,1915.819817,407.2397705,1.12955569,0.462804248,0.491416309
1/24/2025 23:00,CONTROL,4,23,469,214,1811.708127,459.7283217,1.042560255,0.475146053,0.456289979
1/25/2025 0:00,NEW,5,0,550,302,2567,512.3643788,1.073454797,0.49132726,0.549090909
1/25/2025 1:00,NEW,5,1,548,275,2328.129602,524.8892424,1.087287522,0.48790969,0.501824818
1/25/2025 2:00,NEW,5,2,567,281,2350.853138,566.7383487,1.041044781,0.482229793,0.495590829
1/25/2025 3:00,NEW,5,3,586,278,2281.575685,585.2687658,1.036393155,0.469748885,0.47440273
1/25/2025 4:00,NEW,5,4,614,269,2152,584.5867375,1.059350123,0.452032494,0.438110749
1/25/2025 5:00,NEW,5,5,646,269,2087.122323,598.7476782,1.047643421,0.433323353,0.416408669
1/25/2025 6:00,NEW,5,6,640,256,1920,554.5433339,1.136069918,0.408196504,0.4
1/25/2025 7:00,NEW,5,7,607,231,1672.712801,572.20835,1.096233681,0.389482792,0.380560132
1/25/2025 8:00,NEW,5,8,681,243,1701,571.8067906,1.083026719,0.370848664,0.356828194
1/25/2025 9:00,NEW,5,9,624,210,1426.507576,532.4838365,1.139130432,0.351474936,0.336538462
1/25/2025 10:00,NEW,5,10,567,181,1200.749402,497.0777243,1.186937115,0.336371112,0.319223986
1/25/2025 11:00,NEW,5,11,586,186,1215.337796,492.6645295,1.158405953,0.329805636,0.317406143
1/25/2025 12:00,NEW,5,12,563,193,1254.5,467.4160597,1.176681863,0.326165907,0.342806394
1/25/2025 13:00,NEW,5,13,546,193,1261.076316,461.2351349,1.147558883,0.33034799,0.353479853
1/25/2025 14:00,NEW,5,14,502,166,1101.239783,414.148246,1.2314431,0.334145813,0.330677291
1/25/2025 15:00,NEW,5,15,480,158,1073.277129,426.7488227,1.156257338,0.350618591,0.329166667
1/25/2025 16:00,NEW,5,16,502,169,1183,388.3280779,1.237917099,0.363104145,0.336653386
1/25/2025 17:00,NEW,5,17,455,168,1216.5184,412.1532549,1.146966397,0.386946157,0.369230769
1/25/2025 18:00,NEW,5,18,482,193,1447.5,438.8990458,1.070861294,0.411456935,0.400414938
1/25/2025 19:00,NEW,5,19,477,226,1753.493104,449.750024,1.051085956,0.433151226,0.473794549
1/25/2025 20:00,NEW,5,20,483,229,1832,439.124963,1.094717924,0.450264104,0.474120083
1/25/2025 21:00,NEW,5,21,466,231,1895.841666,446.0931756,1.106117476,0.466262669,0.495708155
1/25/2025 22:00,NEW,5,22,540,243,2032.944173,471.6446969,1.081322452,0.48021591,0.45
1/25/2025 23:00,NEW,5,23,495,225,1904.833311,493.890967,1.071682844,0.488689924,0.454545455
1/26/2025 0:00,CONTROL,6,0,539,231,1963.5,520.1615273,1.057363859,0.477131807,0.428571429
1/26/2025 1:00,CONTROL,6,1,599,282,2387.391083,557.9589137,1.022845069,0.476131813,0.470784641
1/26/2025 2:00,CONTROL,6,2,595,281,2350.853138,550.345772,1.072053298,0.465679367,0.472268908
1/26/2025 3:00,CONTROL,6,3,605,264,2166.67619,572.513943,1.059482568,0.453594414,0.436363636
1/26/2025 4:00,CONTROL,6,4,600,268,2144,569.3798692,1.087643006,0.43561785,0.446666667
1/26/2025 5:00,CONTROL,6,5,614,250,1939.704761,550.2162444,1.140050067,0.41370302,0.407166124
1/26/2025 6:00,CONTROL,6,6,609,259,1942.5,553.1721028,1.138886066,0.393055697,0.425287356
1/26/2025 7:00,CONTROL,6,7,621,238,1723.401067,548.2289345,1.144182707,0.372085341,0.383252818
1/26/2025 8:00,CONTROL,6,8,635,201,1407,522.3780597,1.185505441,0.350724728,0.316535433
1/26/2025 9:00,CONTROL,6,9,583,201,1365.371537,536.6372001,1.130314004,0.336915757,0.344768439
1/26/2025 10:00,CONTROL,6,10,595,178,1180.847478,520.7171726,1.133052703,0.324065333,0.299159664
1/26/2025 11:00,CONTROL,6,11,577,176,1149.997055,494.3441552,1.154470054,0.315002431,0.305025997
1/26/2025 12:00,CONTROL,6,12,573,193,1254.5,483.2097656,1.138222029,0.313088899,0.336823735
1/26/2025 13:00,CONTROL,6,13,539,162,1058.520016,427.835456,1.237144956,0.310868686,0.300556586
1/26/2025 14:00,CONTROL,6,14,503,156,1034.900037,453.7816526,1.123888542,0.324523541,0.310139165
1/26/2025 15:00,CONTROL,6,15,489,152,1032.519769,426.289593,1.157502941,0.33555631,0.310838446
1/26/2025 16:00,CONTROL,6,16,497,175,1225,418.6561328,1.148240597,0.35258797,0.352112676
1/26/2025 17:00,CONTROL,6,17,500,169,1223.759581,445.5795753,1.060923705,0.376248291,0.338
1/26/2025 18:00,CONTROL,6,18,475,176,1320,415.4553784,1.13128876,0.393435562,0.370526316
1/26/2025 19:00,CONTROL,6,19,458,194,1505.210895,419.8143793,1.126035594,0.414403744,0.423580786
1/26/2025 20:00,CONTROL,6,20,466,197,1576,443.6564458,1.083536534,0.435823173,0.422746781
1/26/2025 21:00,CONTROL,6,21,498,200,1641.421356,452.8329496,1.089654492,0.452085818,0.401606426
1/26/2025 22:00,CONTROL,6,22,485,242,2024.578148,488.3173821,1.044402716,0.467061897,0.498969072
1/26/2025 23:00,CONTROL,6,23,525,258,2184.208863,512.1779239,1.033419153,0.475603108,0.491428571
1/27/2025 0:00,NEW,0,0,472,248,2108,463.2102095,1.079423531,0.491028823,0.525423729
1/27/2025 1:00,NEW,0,1,555,271,2294.265899,484.6952046,1.074294771,0.488559328,0.488288288
1/27/2025 2:00,NEW,0,2,557,283,2367.585189,501.1393289,1.077544645,0.4804048,0.508078995
1/27/2025 3:00,NEW,0,3,518,233,1912.25588,520.9701841,1.068330894,0.468151998,0.44980695
1/27/2025 4:00,NEW,0,4,598,287,2296,519.1890375,1.096483152,0.450175842,0.47993311
1/27/2025 5:00,NEW,0,5,571,244,1893.151847,522.8326917,1.104127717,0.430499138,0.42732049
1/27/2025 6:00,NEW,0,6,586,238,1785,533.8555784,1.086436151,0.410678192,0.406143345
1/27/2025 7:00,NEW,0,7,560,222,1607.542172,495.7989255,1.164331015,0.386077926,0.396428571
1/27/2025 8:00,NEW,0,8,542,189,1323,477.8556628,1.191326329,0.365433684,0.348708487
1/27/2025 9:00,NEW,0,9,563,198,1344.992857,479.3522048,1.161084766,0.350377219,0.351687389
1/27/2025 10:00,NEW,0,10,522,184,1220.651326,459.1703196,1.176034201,0.336916258,0.352490421
1/27/2025 11:00,NEW,0,11,514,171,1117.326684,448.9990506,1.15970295,0.329740786,0.332684825
1/27/2025 12:00,NEW,0,12,481,149,968.5,432.1044812,1.157127551,0.327143622,0.30977131
1/27/2025 13:00,NEW,0,13,473,160,1045.451868,401.9563809,1.192404199,0.328105724,0.338266385
1/27/2025 14:00,NEW,0,14,478,175,1160.945554,408.7186665,1.125468538,0.339444541,0.366108787
1/27/2025 15:00,NEW,0,15,418,145,984.9695167,372.7669444,1.189567541,0.34895308,0.346889952
1/27/2025 16:00,NEW,0,16,439,171,1197,413.278969,1.042196676,0.372890166,0.38952164
1/27/2025 17:00,NEW,0,17,411,147,1064.4536,354.3186019,1.193067289,0.384641112,0.357664234
1/27/2025 18:00,NEW,0,18,461,195,1462.5,393.3207494,1.067830773,0.411608461,0.422993492
1/27/2025 19:00,NEW,0,19,430,178,1381.06979,413.9882943,1.021106007,0.434650223,0.413953488
1/27/2025 20:00,NEW,0,20,430,206,1648,358.877904,1.200179679,0.444991016,0.479069767
1/27/2025 21:00,NEW,0,21,448,217,1780.942172,400.8846119,1.106132399,0.466261923,0.484375
1/27/2025 22:00,NEW,0,22,473,221,1848.891614,418.9813534,1.097900888,0.479386988,0.467230444
1/27/2025 23:00,NEW,0,23,450,233,1972.560718,455.0867443,1.053193666,0.489614383,0.517777778
1/28/2025 0:00,CONTROL,1,0,477,236,2006,514.3118964,0.972172729,0.481391364,0.49475891
1/28/2025 1:00,CONTROL,1,1,555,272,2302.731825,497.992663,1.045608826,0.474993625,0.49009009
1/28/2025 2:00,CONTROL,1,2,527,258,2158.434554,525.8297244,1.026948411,0.467934612,0.489563567
1/28/2025 3:00,CONTROL,1,3,555,246,2018.948268,508.5887793,1.094339012,0.451851592,0.443243243
1/28/2025 4:00,CONTROL,1,4,570,230,1840,525.9435292,1.082401438,0.435879928,0.403508772
1/28/2025 5:00,CONTROL,1,5,532,260,2017.292952,539.7435989,1.069533881,0.41722883,0.488721805
1/28/2025 6:00,CONTROL,1,6,584,225,1687.5,512.8994956,1.130825834,0.393458708,0.385273973
1/28/2025 7:00,CONTROL,1,7,589,218,1578.577448,483.9278928,1.192892732,0.36964984,0.370118846
1/28/2025 8:00,CONTROL,1,8,565,202,1414,488.7565974,1.164755699,0.351762215,0.357522124
1/28/2025 9:00,CONTROL,1,9,582,187,1270.271032,494.6900117,1.125085466,0.337177184,0.321305842
1/28/2025 10:00,CONTROL,1,10,517,183,1214.017351,472.390144,1.143122918,0.323561822,0.353965184
1/28/2025 11:00,CONTROL,1,11,534,185,1208.803722,452.4687414,1.150809937,0.315185437,0.346441948
1/28/2025 12:00,CONTROL,1,12,529,170,1105,431.8592061,1.157784743,0.312110763,0.321361059
1/28/2025 13:00,CONTROL,1,13,462,147,960.5089035,414.363325,1.15670101,0.314890883,0.318181818
1/28/2025 14:00,CONTROL,1,14,469,158,1048.167986,398.5300489,1.154241697,0.323005883,0.336886994
1/28/2025 15:00,CONTROL,1,15,462,139,944.2121574,386.2701761,1.147982643,0.336032325,0.300865801
1/28/2025 16:00,CONTROL,1,16,426,157,1099,404.017817,1.066086567,0.356695672,0.368544601
1/28/2025 17:00,CONTROL,1,17,407,150,1086.177143,358.6383688,1.178696901,0.370359631,0.368550369
1/28/2025 18:00,CONTROL,1,18,438,177,1327.5,378.234275,1.110422899,0.394478855,0.404109589
1/28/2025 19:00,CONTROL,1,19,453,190,1474.175619,372.3074739,1.135421563,0.413934445,0.419426049
1/28/2025 20:00,CONTROL,1,20,448,171,1368,382.0351116,1.127430319,0.433628484,0.381696429
1/28/2025 21:00,CONTROL,1,21,425,184,1510.107648,397.1320622,1.11658438,0.450739323,0.432941176
1/28/2025 22:00,CONTROL,1,22,432,197,1648.107005,440.8666787,1.043399336,0.467112065,0.456018519
1/28/2025 23:00,CONTROL,1,23,491,229,1938.697014,462.7976735,1.035645821,0.475491775,0.466395112
